Country Name,Country Code,Indicator Name,Indicator Code,2001,2002,2003,2004,2005,2006,2007,2008,2009,2010,2011,2012,2013,2014,2015,2016,2017,2018,2019,2020,2021
Aruba,ABW,"Unemployment, total (% of total labor force) (modeled ILO estimate)",SL.UEM.TOTL.ZS,,,,,,,,,,,,,,,,,,,,,
Africa Eastern and Southern,AFE,"Unemployment, total (% of total labor force) (modeled ILO estimate)",SL.UEM.TOTL.ZS,7.676955209,7.632330068,7.586882837,7.395648184,7.218792628,7.158958345,7.102231154,7.076709788,7.155880662,7.403061307,7.427939936,7.181608079,6.986732703,6.947010734,7.036356825,7.194665995,7.346330634,7.360513104,7.584418799,8.191394911,8.577384992
Afghanistan,AFG,"Unemployment, total (% of total labor force) (modeled ILO estimate)",SL.UEM.TOTL.ZS,7.953,7.93,7.88,7.899,7.885,7.914,7.817,7.878,7.754,7.753,7.784,7.856,7.93,7.915,9.052,10.133,11.184,11.196,11.185,11.71,11.994
Africa Western and Central,AFW,"Unemployment, total (% of total labor force) (modeled ILO estimate)",SL.UEM.TOTL.ZS,4.479977123,4.285853719,4.180110711,4.094738089,4.100699503,3.974094849,3.950642606,3.968542177,4.000386882,3.991594537,3.96902733,3.982162566,3.703853201,3.881395714,4.164467078,4.157574374,4.274196204,4.323630954,4.395271211,4.852392701,4.736731762
Angola,AGO,"Unemployment, total (% of total labor force) (modeled ILO estimate)",SL.UEM.TOTL.ZS,16.7,16.488,16.498,16.378,16.36,16.206,16.153,16.228,16.431,16.618,16.77,16.562,16.492,16.406,16.49,16.575,16.61,16.594,16.497,16.69,15.799
Albania,ALB,"Unemployment, total (% of total labor force) (modeled ILO estimate)",SL.UEM.TOTL.ZS,18.57,17.891,16.985,16.306,15.966,15.626,15.966,13.06,13.674,14.086,13.481,13.376,15.866,18.055,17.193,15.418,13.616,12.304,11.466,11.69,11.474
Andorra,AND,"Unemployment, total (% of total labor force) (modeled ILO estimate)",SL.UEM.TOTL.ZS,,,,,,,,,,,,,,,,,,,,,
Arab World,ARB,"Unemployment, total (% of total labor force) (modeled ILO estimate)",SL.UEM.TOTL.ZS,12.505882,12.5125295,12.45635109,11.43300203,11.24072506,10.52323807,10.15082224,9.880419777,9.466394601,9.577473952,10.69329594,11.07494196,11.0437281,11.03740172,11.14891357,10.8562902,11.11310755,10.65973963,10.21609802,11.32561254,10.88965878
United Arab Emirates,ARE,"Unemployment, total (% of total labor force) (modeled ILO estimate)",SL.UEM.TOTL.ZS,2.444,2.661,2.908,2.965,3.12,2.963,2.936,2.821,2.944,2.811,2.596,2.327,2.126,2.002,1.793,1.64,2.462,2.236,2.331,4.294,3.105
Argentina,ARG,"Unemployment, total (% of total labor force) (modeled ILO estimate)",SL.UEM.TOTL.ZS,17.32,19.59,15.36,13.522,11.506,10.078,8.47,7.837,8.645,7.714,7.18,7.217,7.1,7.268,7.579,8.085,8.347,9.22,9.843,11.461,8.736
Armenia,ARM,"Unemployment, total (% of total labor force) (modeled ILO estimate)",SL.UEM.TOTL.ZS,10.992,10.833,10.705,10.617,10.54,10.465,10.394,17.1,19.295,19.523,18.884,17.511,16.576,17.498,18.261,17.617,17.704,18.966,18.304,18.175,15.469
American Samoa,ASM,"Unemployment, total (% of total labor force) (modeled ILO estimate)",SL.UEM.TOTL.ZS,,,,,,,,,,,,,,,,,,,,,
Antigua and Barbuda,ATG,"Unemployment, total (% of total labor force) (modeled ILO estimate)",SL.UEM.TOTL.ZS,,,,,,,,,,,,,,,,,,,,,
Australia,AUS,"Unemployment, total (% of total labor force) (modeled ILO estimate)",SL.UEM.TOTL.ZS,6.747,6.375,5.933,5.399,5.036,4.785,4.381,4.242,5.565,5.214,5.083,5.225,5.663,6.078,6.055,5.711,5.592,5.3,5.159,6.456,5.116
Austria,AUT,"Unemployment, total (% of total labor force) (modeled ILO estimate)",SL.UEM.TOTL.ZS,4.007,4.852,4.779,5.969,5.682,5.32,4.909,4.198,5.371,4.883,4.637,4.909,5.367,5.674,5.802,6.064,5.561,4.933,4.56,5.201,6.459
Azerbaijan,AZE,"Unemployment, total (% of total labor force) (modeled ILO estimate)",SL.UEM.TOTL.ZS,10.91,10.04,9.17,7.99,7.26,6.62,6.33,5.86,5.74,5.63,5.42,5.19,4.97,4.91,4.96,5,5,4.9,5,7.24,6.04
Burundi,BDI,"Unemployment, total (% of total labor force) (modeled ILO estimate)",SL.UEM.TOTL.ZS,3.15,3.169,3.134,3.177,3.153,3.185,2.401,1.634,1.621,1.616,1.602,1.593,1.584,1.572,1.442,1.347,1.247,1.146,1.043,1.03,1.118
Belgium,BEL,"Unemployment, total (% of total labor force) (modeled ILO estimate)",SL.UEM.TOTL.ZS,6.178,6.91,7.68,7.363,8.44,8.246,7.459,6.976,7.908,8.293,7.14,7.542,8.425,8.523,8.482,7.83,7.09,5.941,5.364,5.545,6.248
Benin,BEN,"Unemployment, total (% of total labor force) (modeled ILO estimate)",SL.UEM.TOTL.ZS,0.765,0.69,0.747,0.79,0.86,0.889,0.902,0.894,0.949,1.04,2.647,2.406,2.099,1.872,1.82,1.784,1.659,1.41,1.214,1.502,1.779
Burkina Faso,BFA,"Unemployment, total (% of total labor force) (modeled ILO estimate)",SL.UEM.TOTL.ZS,2.74,2.851,2.78,3.473,4,3.669,3.3,3.496,3.711,3.723,3.827,3.856,4.055,4.251,4.461,4.587,4.656,4.695,4.71,5.04,5.2
Bangladesh,BGD,"Unemployment, total (% of total labor force) (modeled ILO estimate)",SL.UEM.TOTL.ZS,3.61,3.966,4.32,4.314,4.25,3.591,4.017,4.492,5,3.379,3.736,4.071,4.426,4.416,4.396,4.35,4.372,4.407,4.441,5.436,5.327
Bulgaria,BGR,"Unemployment, total (% of total labor force) (modeled ILO estimate)",SL.UEM.TOTL.ZS,19.921,18.11,13.733,12.037,10.083,8.951,6.878,5.609,6.817,10.279,11.26,12.27,12.941,11.424,9.143,7.575,6.164,5.211,4.23,5.125,5.267
Bahrain,BHR,"Unemployment, total (% of total labor force) (modeled ILO estimate)",SL.UEM.TOTL.ZS,1.12,1.139,1.128,1.065,1.021,1.021,1.006,1.014,1.07,1.13,1.21,1.2,1.182,1.141,1.16,1.192,1.194,1.2,1.223,1.781,1.541
"Bahamas, The",BHS,"Unemployment, total (% of total labor force) (modeled ILO estimate)",SL.UEM.TOTL.ZS,6.87,9.05,10.84,10.2,10.2,7.54,7.88,8.18,14.25,14.432,14.52,14.02,16.18,13.8,12,12.7,9.8,10,9.336,12.027,11.032
Bosnia and Herzegovina,BIH,"Unemployment, total (% of total labor force) (modeled ILO estimate)",SL.UEM.TOTL.ZS,26.289,27.312,28.447,29.276,30.227,31.11,28.984,23.405,24.068,27.312,27.582,28.01,27.49,27.517,27.695,25.408,20.527,18.4,15.692,15.868,14.897
Belarus,BLR,"Unemployment, total (% of total labor force) (modeled ILO estimate)",SL.UEM.TOTL.ZS,11.609,10.908,10.215,9.452,8.728,8.024,7.38,6.698,6.1,6.045,6.022,5.946,5.937,5.902,5.881,5.844,5.648,4.763,4.165,4.049,3.9
Belize,BLZ,"Unemployment, total (% of total labor force) (modeled ILO estimate)",SL.UEM.TOTL.ZS,9.07,10.04,10.343,10.584,10.91,9.39,8.51,8.18,8.328,8.416,8.43,8.379,8.349,8.244,7.578,7,6.596,7.896,9.053,10.784,10.322
Bermuda,BMU,"Unemployment, total (% of total labor force) (modeled ILO estimate)",SL.UEM.TOTL.ZS,,,,,,,,,,,,,,,,,,,,,
Bolivia,BOL,"Unemployment, total (% of total labor force) (modeled ILO estimate)",SL.UEM.TOTL.ZS,2.636,2.613,2.664,2.622,2.603,2.577,2.616,2.603,2.973,2.608,2.255,2.066,2.437,2.021,3.111,3.498,3.655,3.519,3.682,7.903,5.089
Brazil,BRA,"Unemployment, total (% of total labor force) (modeled ILO estimate)",SL.UEM.TOTL.ZS,10.649,10.641,11.168,10.072,10.551,9.692,9.28,8.268,9.419,8.422,7.578,7.251,7.071,6.755,8.538,11.58,12.792,12.329,11.936,13.697,13.158
Barbados,BRB,"Unemployment, total (% of total labor force) (modeled ILO estimate)",SL.UEM.TOTL.ZS,9.85,10.32,11,9.57,9.08,8.73,7.41,8.12,10.02,10.69,11.19,11.59,11.55,12.17,9.803,8.247,8.622,8.322,8.412,9.777,9.433
Brunei Darussalam,BRN,"Unemployment, total (% of total labor force) (modeled ILO estimate)",SL.UEM.TOTL.ZS,5.499,5.575,5.663,5.786,5.931,5.997,6.091,6.216,6.411,6.455,6.442,6.482,6.655,6.862,7.726,8.574,9.316,8.7,6.6,7.409,4.905
Bhutan,BTN,"Unemployment, total (% of total labor force) (modeled ILO estimate)",SL.UEM.TOTL.ZS,1.9,1.853,1.8,2.49,3.1,3.13,3.7,3.842,3.96,3.32,3.23,2.05,2.87,2.63,2.45,2.705,3.016,3.35,2.72,5.03,4.803
Botswana,BWA,"Unemployment, total (% of total labor force) (modeled ILO estimate)",SL.UEM.TOTL.ZS,18.54,21.268,23.8,21.758,19.847,17.782,16.998,16.328,16.169,17.86,18.054,17.952,18.203,18.514,18.93,19.329,19.664,19.681,20.094,21.017,23.106
Central African Republic,CAF,"Unemployment, total (% of total labor force) (modeled ILO estimate)",SL.UEM.TOTL.ZS,5.405,5.437,5.433,5.352,5.314,5.235,5.191,5.139,5.202,5.291,5.281,5.243,5.243,5.326,5.477,5.491,5.534,5.517,5.607,6.196,6.375
Canada,CAN,"Unemployment, total (% of total labor force) (modeled ILO estimate)",SL.UEM.TOTL.ZS,7.219,7.665,7.574,7.185,6.758,6.484,6.156,6.284,8.46,8.178,7.637,7.392,7.143,7.023,6.945,7.038,6.426,5.837,5.69,9.657,7.527
Central Europe and the Baltics,CEB,"Unemployment, total (% of total labor force) (modeled ILO estimate)",SL.UEM.TOTL.ZS,13.50505901,13.95710153,13.26355901,12.87662965,12.03105717,10.11720853,7.805137237,6.600048232,8.516515684,9.926547566,9.808862847,10.00885235,10.078164,8.879452819,7.815951119,6.481621164,5.284180878,4.305682066,3.771055482,4.358978466,4.463176154
Switzerland,CHE,"Unemployment, total (% of total labor force) (modeled ILO estimate)",SL.UEM.TOTL.ZS,2.49,2.924,4.117,4.316,4.437,3.995,3.641,3.35,4.109,4.808,4.409,4.491,4.747,4.826,4.801,4.918,4.797,4.713,4.394,4.817,5.013
Channel Islands,CHI,"Unemployment, total (% of total labor force) (modeled ILO estimate)",SL.UEM.TOTL.ZS,5.232,5.507,5.842,6.047,6.028,5.762,5.414,5.478,6.874,7.225,7.457,8.264,8.82,8.571,8.178,7.715,7.12,6.571,6.408,6.863,6.875
Chile,CHL,"Unemployment, total (% of total labor force) (modeled ILO estimate)",SL.UEM.TOTL.ZS,10.39,10.168,9.765,10.162,9.34,9.024,8.427,9.285,11.313,8.278,7.277,6.562,6.074,6.483,6.313,6.673,7.257,7.623,7.493,10.934,9.281
China,CHN,"Unemployment, total (% of total labor force) (modeled ILO estimate)",SL.UEM.TOTL.ZS,3.8,4.24,4.58,4.49,4.52,4.43,4.35,4.59,4.72,4.53,4.55,4.58,4.6,4.63,4.65,4.56,4.47,4.31,4.56,5,4.55
Cote d'Ivoire,CIV,"Unemployment, total (% of total labor force) (modeled ILO estimate)",SL.UEM.TOTL.ZS,5.167,5.474,5.805,5.883,5.999,6.009,6.272,6.379,6.571,6.618,7.135,7.223,4.255,3.285,2.579,1.896,3.272,2.85,2.401,2.584,2.63
Cameroon,CMR,"Unemployment, total (% of total labor force) (modeled ILO estimate)",SL.UEM.TOTL.ZS,7.46,6.709,5.908,5.091,4.4,3.729,3.063,3.387,3.744,4.11,3.987,3.835,3.685,3.534,3.518,3.528,3.568,3.601,3.622,3.87,3.973
"Congo, Dem. Rep.",COD,"Unemployment, total (% of total labor force) (modeled ILO estimate)",SL.UEM.TOTL.ZS,3.239,3.17,3.053,2.975,2.948,3.174,3.403,3.627,3.88,4.096,4.315,4.485,4.468,4.436,4.439,4.521,4.601,4.618,4.591,5.345,5.28
"Congo, Rep.",COG,"Unemployment, total (% of total labor force) (modeled ILO estimate)",SL.UEM.TOTL.ZS,19.877,19.664,19.871,19.886,19.796,19.587,19.894,19.94,19.833,19.345,19.464,19.512,19.827,19.691,19.978,20.223,20.611,20.701,20.392,22.198,21.96
Colombia,COL,"Unemployment, total (% of total labor force) (modeled ILO estimate)",SL.UEM.TOTL.ZS,15.04,14.481,13.221,13.717,11.062,11.091,11.204,11.273,12.066,11.153,10.288,9.959,9.246,8.799,8.572,8.922,9.086,9.36,10.28,15.983,13.898
Comoros,COM,"Unemployment, total (% of total labor force) (modeled ILO estimate)",SL.UEM.TOTL.ZS,4.377,4.369,4.559,4.571,4.522,4.473,4.46,4.398,4.348,4.248,4.207,4.17,4.118,4.119,4.121,4.104,4.03,3.942,3.934,4.471,4.394
Cabo Verde,CPV,"Unemployment, total (% of total labor force) (modeled ILO estimate)",SL.UEM.TOTL.ZS,13.278,13.397,13.592,13.465,13.45,13.397,13.323,13.335,13.517,10.67,10.948,11.142,11.392,11.674,11.907,12.077,12.24,12.17,12.128,14.69,13.976
Costa Rica,CRI,"Unemployment, total (% of total labor force) (modeled ILO estimate)",SL.UEM.TOTL.ZS,6.051,6.396,6.654,6.445,6.749,5.926,4.557,4.934,7.824,7.171,9.518,9.11,8.218,8.499,8.415,8.085,7.729,9.01,10.807,16.432,15.139
Caribbean small states,CSS,"Unemployment, total (% of total labor force) (modeled ILO estimate)",SL.UEM.TOTL.ZS,11.38876135,11.9097445,12.23479213,11.59748014,11.29167981,10.24583555,9.879653389,9.901979993,11.57580729,11.65802269,11.98299452,12.09895037,12.47918072,12.167637,11.50507577,11.44925343,10.86876662,11.05097003,10.63070831,12.93099999,12.19181104
Cuba,CUB,"Unemployment, total (% of total labor force) (modeled ILO estimate)",SL.UEM.TOTL.ZS,4.08,3.31,2.33,1.854,1.95,1.913,1.788,1.583,1.67,2.5,3.18,3.46,3.29,2.7,2.4,2,1.7,1.7,1.705,2.24,2.116
Curacao,CUW,"Unemployment, total (% of total labor force) (modeled ILO estimate)",SL.UEM.TOTL.ZS,,,,,,,,,,,,,,,,,,,,,
Cayman Islands,CYM,"Unemployment, total (% of total labor force) (modeled ILO estimate)",SL.UEM.TOTL.ZS,,,,,,,,,,,,,,,,,,,,,
Cyprus,CYP,"Unemployment, total (% of total labor force) (modeled ILO estimate)",SL.UEM.TOTL.ZS,4.043,3.336,4.153,4.77,5.481,4.593,3.946,3.756,5.594,6.359,7.942,12.097,16.131,16.277,15.026,13.006,11.155,8.504,7.155,7.755,7.513
Czechia,CZE,"Unemployment, total (% of total labor force) (modeled ILO estimate)",SL.UEM.TOTL.ZS,8.128,7.28,7.777,8.298,7.927,7.141,5.316,4.392,6.662,7.281,6.712,6.979,6.953,6.108,5.048,3.952,2.893,2.246,2.015,2.55,2.803
Germany,DEU,"Unemployment, total (% of total labor force) (modeled ILO estimate)",SL.UEM.TOTL.ZS,7.773,8.482,9.779,10.727,11.193,10.277,8.732,7.508,7.88,7.043,5.967,5.372,5.316,4.979,4.612,4.104,3.781,3.384,3.163,3.881,3.594
Djibouti,DJI,"Unemployment, total (% of total labor force) (modeled ILO estimate)",SL.UEM.TOTL.ZS,26.599,26.59,26.488,26.446,26.452,26.387,26.3,26.194,26.33,26.371,26.314,26.187,26.157,26.173,26.07,25.992,26.064,26.184,26.256,27.713,27.668
Dominica,DMA,"Unemployment, total (% of total labor force) (modeled ILO estimate)",SL.UEM.TOTL.ZS,,,,,,,,,,,,,,,,,,,,,
Denmark,DNK,"Unemployment, total (% of total labor force) (modeled ILO estimate)",SL.UEM.TOTL.ZS,4.164,4.274,5.398,5.204,4.83,3.897,3.801,3.683,6.409,7.746,7.769,7.798,7.384,6.925,6.278,5.989,5.833,5.131,5.018,5.637,5.043
Dominican Republic,DOM,"Unemployment, total (% of total labor force) (modeled ILO estimate)",SL.UEM.TOTL.ZS,7.262,6.779,6.938,6.303,6.587,5.654,5.158,4.764,5.467,5.212,6.087,6.722,7.351,6.719,7.605,7.284,5.832,5.861,6.356,6.126,7.702
Algeria,DZA,"Unemployment, total (% of total labor force) (modeled ILO estimate)",SL.UEM.TOTL.ZS,27.3,25.9,23.72,17.65,15.27,12.27,13.79,11.33,10.16,9.96,9.96,10.97,9.82,10.207,11.206,10.202,12,12.137,12.259,14.057,13.63
East Asia & Pacific (excluding high income),EAP,"Unemployment, total (% of total labor force) (modeled ILO estimate)",SL.UEM.TOTL.ZS,3.845481266,4.158904186,4.406100125,4.400817519,4.479853274,4.373462717,4.353817008,4.434586902,4.416219489,4.155455391,4.105799793,4.044540832,4.046443743,4.041865758,4.116369924,4.034042927,3.911714815,3.802343783,3.893305531,4.360739681,4.122485917
Early-demographic dividend,EAR,"Unemployment, total (% of total labor force) (modeled ILO estimate)",SL.UEM.TOTL.ZS,7.20100761,7.446631973,7.338578224,7.220759258,7.131898774,6.906909718,6.841708206,6.798740057,6.922076634,6.72549254,6.641632694,6.739132559,6.717680939,6.646582389,6.821258332,6.759151988,6.745125147,6.79972999,6.334711304,7.410809782,6.786333959
East Asia & Pacific,EAS,"Unemployment, total (% of total labor force) (modeled ILO estimate)",SL.UEM.TOTL.ZS,3.956743035,4.256001747,4.469945707,4.420429623,4.46538304,4.341899718,4.294623914,4.373138942,4.46622744,4.217137536,4.122815421,4.053125327,4.038528699,4.017839961,4.082512928,3.995805158,3.865650242,3.744974769,3.814721,4.289700499,4.054342453
Europe & Central Asia (excluding high income),ECA,"Unemployment, total (% of total labor force) (modeled ILO estimate)",SL.UEM.TOTL.ZS,10.63995979,10.69031287,10.27821863,10.10623997,9.570569945,9.083026744,8.550210461,8.551479857,10.18981829,9.557935356,8.915320607,8.642420277,8.605216978,9.007716344,9.014505519,9.092297871,8.991399325,8.661019507,9.16433394,9.316210485,9.010393074
Europe & Central Asia,ECS,"Unemployment, total (% of total labor force) (modeled ILO estimate)",SL.UEM.TOTL.ZS,9.059738493,9.077112075,9.110045089,9.049014021,8.719351503,8.153207933,7.231336416,7.1623738,9.059032688,9.119022607,8.856528386,9.076067354,9.272401688,8.957042948,8.572123876,8.093316096,7.499840648,6.898251889,6.643301969,7.109243974,6.909659166
Ecuador,ECU,"Unemployment, total (% of total labor force) (modeled ILO estimate)",SL.UEM.TOTL.ZS,4.252,4.836,5.662,5.002,3.779,3.55,3.142,3.917,4.608,4.088,3.458,3.235,3.083,3.48,3.616,4.597,3.836,3.53,3.812,6.127,4.552
"Egypt, Arab Rep.",EGY,"Unemployment, total (% of total labor force) (modeled ILO estimate)",SL.UEM.TOTL.ZS,9.26,10.01,10.91,10.32,11.049,10.49,8.8,8.517,9.087,8.757,11.849,12.597,13.154,13.105,13.052,12.45,11.767,9.855,7.851,7.974,7.441
Euro area,EMU,"Unemployment, total (% of total labor force) (modeled ILO estimate)",SL.UEM.TOTL.ZS,8.418723327,8.679847271,9.020875753,9.290411215,9.150301071,8.43019516,7.53799191,7.544694457,9.634971456,10.17598382,10.26205136,11.41617106,11.99891166,11.62821448,10.88521948,10.03646118,9.073533821,8.160924848,7.520061748,7.830017527,7.722098133
Eritrea,ERI,"Unemployment, total (% of total labor force) (modeled ILO estimate)",SL.UEM.TOTL.ZS,5.678,5.708,5.679,5.569,5.579,5.566,5.575,5.524,5.583,5.675,5.614,5.501,5.423,5.43,5.541,5.554,5.577,5.511,5.552,6.088,6.177
Spain,ESP,"Unemployment, total (% of total labor force) (modeled ILO estimate)",SL.UEM.TOTL.ZS,10.348,11.146,11.283,11.09,9.146,8.452,8.232,11.254,17.857,19.86,21.39,24.789,26.094,24.441,22.057,19.635,17.224,15.255,14.104,15.532,14.781
Estonia,EST,"Unemployment, total (% of total labor force) (modeled ILO estimate)",SL.UEM.TOTL.ZS,13.134,10.026,11.288,10.248,8.033,5.915,4.592,5.455,13.548,16.707,12.328,10.021,8.631,7.352,6.412,6.882,5.807,5.412,4.514,6.956,6.178
Ethiopia,ETH,"Unemployment, total (% of total labor force) (modeled ILO estimate)",SL.UEM.TOTL.ZS,3.176,3.06,2.995,2.767,2.497,2.351,2.347,2.335,2.331,2.3,2.275,2.255,2.251,2.359,2.443,2.554,2.662,2.802,2.917,3.994,3.935
European Union,EUU,"Unemployment, total (% of total labor force) (modeled ILO estimate)",SL.UEM.TOTL.ZS,9.210230566,9.564762748,9.703694913,9.856337544,9.632248553,8.687514134,7.502713093,7.241799987,9.212311201,9.874322484,9.929587456,10.87550283,11.35063709,10.82898126,10.02018621,9.109683055,8.136154058,7.256210584,6.686491098,7.0482186,7.01183843
Fragile and conflict affected situations,FCS,"Unemployment, total (% of total labor force) (modeled ILO estimate)",SL.UEM.TOTL.ZS,5.802649936,5.770828472,5.641809718,5.486179125,5.175321288,5.041063527,4.966801361,5.003304269,5.058160954,5.133936326,5.179804813,5.243408206,5.230813431,5.374072231,5.470641381,5.617015486,5.830651942,5.829739634,5.879107366,6.651807556,6.777619441
Finland,FIN,"Unemployment, total (% of total labor force) (modeled ILO estimate)",SL.UEM.TOTL.ZS,10.29,10.423,10.469,10.358,9.602,8.935,6.854,6.369,8.249,8.394,7.781,7.689,8.193,8.663,9.376,8.818,8.64,7.361,6.695,7.759,7.617
Fiji,FJI,"Unemployment, total (% of total labor force) (modeled ILO estimate)",SL.UEM.TOTL.ZS,4.695,4.769,4.738,4.7,3.886,3.958,4.106,4.185,4.305,4.343,4.406,4.375,4.357,4.325,4.291,4.319,4.324,4.335,4.373,4.649,4.701
France,FRA,"Unemployment, total (% of total labor force) (modeled ILO estimate)",SL.UEM.TOTL.ZS,8.61,8.702,8.306,8.914,8.882,8.832,8.008,7.386,9.122,9.279,9.228,9.841,9.913,10.273,10.354,10.057,9.409,9.018,8.415,8.009,7.874
Faroe Islands,FRO,"Unemployment, total (% of total labor force) (modeled ILO estimate)",SL.UEM.TOTL.ZS,,,,,,,,,,,,,,,,,,,,,
"Micronesia, Fed. Sts.",FSM,"Unemployment, total (% of total labor force) (modeled ILO estimate)",SL.UEM.TOTL.ZS,,,,,,,,,,,,,,,,,,,,,
Gabon,GAB,"Unemployment, total (% of total labor force) (modeled ILO estimate)",SL.UEM.TOTL.ZS,17.762,17.351,17.119,17.095,16.91,17.785,18.261,19.191,19.753,20.39,19.941,19.728,19.794,19.916,19.978,20.134,20.303,20.439,20.358,21.27,21.218
United Kingdom,GBR,"Unemployment, total (% of total labor force) (modeled ILO estimate)",SL.UEM.TOTL.ZS,4.696,5.037,4.807,4.594,4.835,5.411,5.342,5.705,7.627,7.924,8.169,8.25,7.704,6.363,5.517,4.867,4.452,4.12,3.613,4.472,4.826
Georgia,GEO,"Unemployment, total (% of total labor force) (modeled ILO estimate)",SL.UEM.TOTL.ZS,11.16,12.59,11.51,12.62,13.81,13.57,13.28,17.87,20.71,20.203,19.632,19.653,19.416,17.439,16.506,16.604,13.939,12.667,11.565,11.73,11.791
Ghana,GHA,"Unemployment, total (% of total labor force) (modeled ILO estimate)",SL.UEM.TOTL.ZS,9.602,8.695,7.72,6.756,5.816,4.897,5.092,5.144,5.348,5.384,4.227,3.141,2.173,4.415,6.806,5.232,3.369,3.253,3.16,3.313,3.384
Gibraltar,GIB,"Unemployment, total (% of total labor force) (modeled ILO estimate)",SL.UEM.TOTL.ZS,,,,,,,,,,,,,,,,,,,,,
Guinea,GIN,"Unemployment, total (% of total labor force) (modeled ILO estimate)",SL.UEM.TOTL.ZS,4.597,4.549,4.644,4.743,4.875,4.93,4.818,4.829,4.967,5.097,5.094,4.884,4.967,5.09,5.224,5.013,4.826,4.787,5.018,6.018,5.827
"Gambia, The",GMB,"Unemployment, total (% of total labor force) (modeled ILO estimate)",SL.UEM.TOTL.ZS,9.708,10.079,10.032,9.991,9.963,10.259,10.428,10.092,9.823,9.723,10.283,10.346,9.454,8.218,7.26,6.285,5.157,4.127,4.538,5.892,6.269
Guinea-Bissau,GNB,"Unemployment, total (% of total labor force) (modeled ILO estimate)",SL.UEM.TOTL.ZS,3.154,3.181,3.244,3.238,3.174,3.154,3.149,3.164,3.152,3.137,3.08,3.143,3.162,3.254,3.157,3.123,3.066,3.127,2.413,2.89,3.031
Equatorial Guinea,GNQ,"Unemployment, total (% of total labor force) (modeled ILO estimate)",SL.UEM.TOTL.ZS,8.032,8.09,8.11,8.03,8.008,7.924,7.877,7.831,7.939,8.07,8.045,7.957,7.86,7.845,7.95,7.962,8.004,7.967,8.064,8.781,8.976
Greece,GRC,"Unemployment, total (% of total labor force) (modeled ILO estimate)",SL.UEM.TOTL.ZS,10.764,10.346,9.839,10.628,10.074,8.906,8.351,7.664,9.546,12.719,17.973,24.731,27.686,26.708,24.981,23.514,21.413,19.179,17.045,15.899,14.656
Grenada,GRD,"Unemployment, total (% of total labor force) (modeled ILO estimate)",SL.UEM.TOTL.ZS,,,,,,,,,,,,,,,,,,,,,
Greenland,GRL,"Unemployment, total (% of total labor force) (modeled ILO estimate)",SL.UEM.TOTL.ZS,,,,,,,,,,,,,,,,,,,,,
Guatemala,GTM,"Unemployment, total (% of total labor force) (modeled ILO estimate)",SL.UEM.TOTL.ZS,2.745,2.747,2.807,2.971,3.059,2.948,2.824,2.873,3.208,3.497,3.172,2.765,3.017,2.717,2.506,2.583,2.462,2.283,2.193,2.955,2.174
Guam,GUM,"Unemployment, total (% of total labor force) (modeled ILO estimate)",SL.UEM.TOTL.ZS,13.213,11.39,9.697,7.7,7,7.4,8.3,8.892,9.3,8.2,13.3,12.2,11.5,7.6,6.9,5.4,5.418,5.449,5.401,6.248,5.991
Guyana,GUY,"Unemployment, total (% of total labor force) (modeled ILO estimate)",SL.UEM.TOTL.ZS,11.806,11.81,11.529,11.28,11.08,10.7,10.846,11.027,11.314,11.636,11.819,12.038,12.303,12.639,13.004,13.257,13.462,13.627,13.172,15.334,14.557
High income,HIC,"Unemployment, total (% of total labor force) (modeled ILO estimate)",SL.UEM.TOTL.ZS,6.875168615,7.196436304,7.320529306,7.09622097,6.78019114,6.301419614,5.696973166,5.93326032,8.038797769,8.178612922,7.801109618,7.71230865,7.616135269,7.032404627,6.543137549,6.102311594,5.572554921,5.070628261,4.742305734,6.425280491,5.526279934
"Hong Kong SAR, China",HKG,"Unemployment, total (% of total labor force) (modeled ILO estimate)",SL.UEM.TOTL.ZS,5.09,7.28,7.86,6.74,5.58,4.77,4.01,3.56,5.26,4.329,3.422,3.285,3.4,3.296,3.314,3.392,3.124,2.805,2.917,5.808,5.174
Honduras,HND,"Unemployment, total (% of total labor force) (modeled ILO estimate)",SL.UEM.TOTL.ZS,4,4.02,5.3,5.99,4.909,3.574,3.211,3.156,3.292,4.119,4.474,3.755,5.646,7.078,6.147,6.727,5.528,5.648,5.698,10.982,8.506
Heavily indebted poor countries (HIPC),HPC,"Unemployment, total (% of total labor force) (modeled ILO estimate)",SL.UEM.TOTL.ZS,5.08284362,5.049079201,4.999782419,4.85956399,4.694772943,4.606002043,4.55129278,4.532949801,4.574265235,4.789764251,4.749387079,4.557874057,4.280062646,4.286334994,4.428670974,4.371447715,4.384236968,4.35098845,4.358911386,5.084669868,4.990254516
Croatia,HRV,"Unemployment, total (% of total labor force) (modeled ILO estimate)",SL.UEM.TOTL.ZS,15.822,15.053,13.924,13.664,12.598,11.13,9.909,8.53,9.202,11.62,13.678,15.935,17.251,17.29,16.175,13.103,11.208,8.432,6.617,7.507,7.608
Haiti,HTI,"Unemployment, total (% of total labor force) (modeled ILO estimate)",SL.UEM.TOTL.ZS,9.754,11.046,12.18,13.453,14.587,15.908,16.8,16.195,15.351,15.252,14.485,14.1,13.642,13.755,13.724,13.852,13.881,13.878,14.057,15.546,15.28
Hungary,HUN,"Unemployment, total (% of total labor force) (modeled ILO estimate)",SL.UEM.TOTL.ZS,5.671,5.608,5.79,5.832,7.189,7.494,7.406,7.817,10.03,11.172,11.029,11.003,10.177,7.725,6.813,5.115,4.156,3.708,3.419,4.25,4.045
IBRD only,IBD,"Unemployment, total (% of total labor force) (modeled ILO estimate)",SL.UEM.TOTL.ZS,6.709061098,6.928416184,6.997188997,6.832903885,6.753467983,6.528085075,6.342271621,6.317963764,6.634253547,6.390027496,6.279305213,6.195731711,6.20442865,6.181304191,6.315044632,6.425631617,6.402873947,6.294235653,6.080613301,6.971652725,6.338909728
IDA & IBRD total,IBT,"Unemployment, total (% of total labor force) (modeled ILO estimate)",SL.UEM.TOTL.ZS,6.274012365,6.443863193,6.489360103,6.332494593,6.243610421,6.026852404,5.869693976,5.860552072,6.120415081,5.904456073,5.819154494,5.815569369,5.78066573,5.738472303,5.905939172,5.965676254,5.988946557,5.924396852,5.78291781,6.643491619,6.171688602
IDA total,IDA,"Unemployment, total (% of total labor force) (modeled ILO estimate)",SL.UEM.TOTL.ZS,4.428974788,4.410087671,4.37881771,4.270530444,4.1602876,4.003518161,3.986277009,4.065010955,4.136946367,4.064196051,4.100627615,4.414730295,4.239663624,4.139356247,4.446008815,4.344256583,4.552181582,4.660565415,4.782675381,5.576853161,5.630881022
IDA blend,IDB,"Unemployment, total (% of total labor force) (modeled ILO estimate)",SL.UEM.TOTL.ZS,3.711810647,3.499294504,3.356554844,3.192780334,3.126900849,3.025239563,2.879354134,2.903486042,2.948660872,2.99311167,3.01891543,3.94029189,3.680093882,3.388377731,4.068943255,3.818180903,4.400747847,4.847499265,5.201020751,6.000359686,5.98291665
Indonesia,IDN,"Unemployment, total (% of total labor force) (modeled ILO estimate)",SL.UEM.TOTL.ZS,6.082,6.604,6.657,7.303,7.945,7.551,8.06,7.208,6.106,5.614,5.153,4.468,4.336,4.049,4.514,4.301,3.783,4.387,3.59,4.255,3.827
IDA only,IDX,"Unemployment, total (% of total labor force) (modeled ILO estimate)",SL.UEM.TOTL.ZS,4.788762994,4.867165695,4.893087146,4.814344146,4.681909232,4.497900836,4.548177837,4.656954474,4.744834326,4.61400162,4.655093274,4.659328919,4.52928576,4.529348744,4.644015619,4.620724849,4.631296595,4.563568571,4.565475519,5.354928482,5.44549655
Isle of Man,IMN,"Unemployment, total (% of total labor force) (modeled ILO estimate)",SL.UEM.TOTL.ZS,,,,,,,,,,,,,,,,,,,,,
India,IND,"Unemployment, total (% of total labor force) (modeled ILO estimate)",SL.UEM.TOTL.ZS,7.653,7.753,7.68,7.625,7.552,7.552,7.561,7.656,7.664,7.652,7.616,7.666,7.711,7.674,7.631,7.601,7.618,7.652,6.51,7.859,6.38
Not classified,INX,"Unemployment, total (% of total labor force) (modeled ILO estimate)",SL.UEM.TOTL.ZS,,,,,,,,,,,,,,,,,,,,,
Ireland,IRL,"Unemployment, total (% of total labor force) (modeled ILO estimate)",SL.UEM.TOTL.ZS,3.684,4.216,4.478,4.491,4.237,4.355,4.98,6.774,12.609,14.534,15.354,15.451,13.735,11.858,9.908,8.374,6.713,5.741,4.95,5.623,6.364
"Iran, Islamic Rep.",IRN,"Unemployment, total (% of total labor force) (modeled ILO estimate)",SL.UEM.TOTL.ZS,12.36,12.8,11.529,10.3,11.813,11.519,10.772,10.63,12.113,13.679,12.491,12.275,10.595,10.68,11.166,12.618,12.232,12.195,10.74,9.687,9.282
Iraq,IRQ,"Unemployment, total (% of total labor force) (modeled ILO estimate)",SL.UEM.TOTL.ZS,8.261,8.621,8.955,8.719,8.578,8.42,8.646,8.467,8.414,8.267,8.191,7.965,9.205,10.59,10.842,10.82,13.02,13.49,14.109,15.778,16.173
Iceland,ISL,"Unemployment, total (% of total labor force) (modeled ILO estimate)",SL.UEM.TOTL.ZS,1.874,2.988,3.997,4.031,2.547,2.83,2.251,2.946,7.22,7.564,7.028,6,5.376,4.897,3.979,2.978,2.742,2.704,3.507,5.478,6.029
Israel,ISR,"Unemployment, total (% of total labor force) (modeled ILO estimate)",SL.UEM.TOTL.ZS,11.812,12.888,13.505,13.029,11.342,10.707,9.379,7.704,9.534,8.48,7.139,6.762,6.137,5.789,5.176,4.723,4.14,3.917,3.731,4.169,4.812
Italy,ITA,"Unemployment, total (% of total labor force) (modeled ILO estimate)",SL.UEM.TOTL.ZS,9.599,9.211,8.869,7.866,7.73,6.777,6.076,6.723,7.749,8.363,8.359,10.655,12.149,12.683,11.896,11.688,11.211,10.61,9.951,9.164,9.497
Jamaica,JAM,"Unemployment, total (% of total labor force) (modeled ILO estimate)",SL.UEM.TOTL.ZS,6.646,6.619,6.535,6.539,6.577,6.605,6.606,6.666,7.314,7.63,8.034,8.695,9.698,9.046,8.825,8.634,7.399,5.47,4.987,6.501,5.188
Jordan,JOR,"Unemployment, total (% of total labor force) (modeled ILO estimate)",SL.UEM.TOTL.ZS,14.7,15.3,14.5,14.628,14.8,14,13.1,12.7,12.9,12.5,12.9,12.2,12.6,11.9,13.075,15.275,18.12,18.257,16.801,19.213,19.837
Japan,JPN,"Unemployment, total (% of total labor force) (modeled ILO estimate)",SL.UEM.TOTL.ZS,5.02,5.386,5.251,4.734,4.446,4.192,3.888,4.002,5.068,5.102,4.55,4.358,4.038,3.589,3.385,3.132,2.822,2.467,2.351,2.809,2.828
Kazakhstan,KAZ,"Unemployment, total (% of total labor force) (modeled ILO estimate)",SL.UEM.TOTL.ZS,10.43,9.33,8.78,8.4,8.13,7.79,7.26,6.63,6.55,5.77,5.39,5.29,5.2,5.06,4.93,4.96,4.9,4.85,4.8,4.89,5.546
Kenya,KEN,"Unemployment, total (% of total labor force) (modeled ILO estimate)",SL.UEM.TOTL.ZS,2.881,2.919,2.873,2.848,2.745,2.68,2.65,2.756,2.818,2.796,2.704,2.682,2.764,2.768,2.762,2.757,3.541,4.284,5.014,5.619,5.693
Kyrgyz Republic,KGZ,"Unemployment, total (% of total labor force) (modeled ILO estimate)",SL.UEM.TOTL.ZS,1.95,2.065,2.162,2.259,2.362,2.48,2.577,2.642,2.744,2.887,2.999,3.114,3.153,3.262,3.338,3.474,3.57,3.67,4.295,4.63,4.096
Cambodia,KHM,"Unemployment, total (% of total labor force) (modeled ILO estimate)",SL.UEM.TOTL.ZS,0.774,0.852,0.909,1.003,1.064,1.152,1.257,0.825,0.579,0.771,0.577,0.496,0.438,0.692,0.393,0.716,0.141,0.13,0.119,0.172,0.396
Kiribati,KIR,"Unemployment, total (% of total labor force) (modeled ILO estimate)",SL.UEM.TOTL.ZS,,,,,,,,,,,,,,,,,,,,,
St. Kitts and Nevis,KNA,"Unemployment, total (% of total labor force) (modeled ILO estimate)",SL.UEM.TOTL.ZS,,,,,,,,,,,,,,,,,,,,,
"Korea, Rep.",KOR,"Unemployment, total (% of total labor force) (modeled ILO estimate)",SL.UEM.TOTL.ZS,3.699,3.046,3.348,3.42,3.482,3.254,3.013,2.959,3.363,3.324,2.992,2.812,2.747,3.082,3.546,3.65,3.653,3.824,3.746,3.931,3.639
Kuwait,KWT,"Unemployment, total (% of total labor force) (modeled ILO estimate)",SL.UEM.TOTL.ZS,0.8,1.1,1.3,1.7,1.456,1.3,1.5,1.75,1.64,1.82,2.053,2.231,2.471,2.9,2.2,2.16,2.227,2.204,2.251,3.557,3.002
Latin America & Caribbean (excluding high income),LAC,"Unemployment, total (% of total labor force) (modeled ILO estimate)",SL.UEM.TOTL.ZS,8.769345709,8.980572451,8.812141502,8.356498676,8.042708917,7.486574859,7.157788222,6.763709143,7.762671691,7.139267268,6.648150711,6.37017561,6.29065163,6.097469406,6.692245233,7.892085536,8.213139069,8.070331786,8.11517434,10.27412739,9.233558687
Lao PDR,LAO,"Unemployment, total (% of total labor force) (modeled ILO estimate)",SL.UEM.TOTL.ZS,1.88,1.775,1.639,1.498,1.35,1.198,1.067,0.943,0.834,0.708,1.055,1.399,1.757,2.119,2.494,2.881,3.268,2.9,2.537,2.361,2.066
Lebanon,LBN,"Unemployment, total (% of total labor force) (modeled ILO estimate)",SL.UEM.TOTL.ZS,8.464,8.229,8.05,7.85,8.247,8.671,8.98,7.666,6.355,6.775,7.349,7.937,8.458,8.833,9.306,9.786,10.251,10.745,11.301,13.284,12.669
Liberia,LBR,"Unemployment, total (% of total labor force) (modeled ILO estimate)",SL.UEM.TOTL.ZS,2.294,2.318,2.586,2.589,2.577,2.283,2.235,2.222,2.242,2.266,2.211,2.146,2.08,2.079,2.557,3.081,3.066,3.056,3.068,4.109,3.845
Libya,LBY,"Unemployment, total (% of total labor force) (modeled ILO estimate)",SL.UEM.TOTL.ZS,19.228,19.247,19.045,18.911,18.639,18.779,18.745,19.006,19.247,19.276,19.478,19.03,19.327,19.308,19.676,19.522,19.02,18.836,19.05,19.613,19.641
St. Lucia,LCA,"Unemployment, total (% of total labor force) (modeled ILO estimate)",SL.UEM.TOTL.ZS,18.546,20.39,22.18,20.97,18.7,16,14,12.72,15.37,17.12,18.86,19.06,22.21,21.597,20.858,19.933,19.136,19.329,15.613,25.224,20.514
Latin America & Caribbean,LCN,"Unemployment, total (% of total labor force) (modeled ILO estimate)",SL.UEM.TOTL.ZS,9.067122634,9.406548642,9.267107919,8.75123322,8.23794709,7.614742075,7.225953076,6.838666757,7.813883072,7.210855242,6.708404653,6.414501009,6.369488431,6.175096337,6.668355284,7.729508123,8.028726369,7.932330896,8.000396393,10.21428164,9.15752049
Least developed countries: UN classification,LDC,"Unemployment, total (% of total labor force) (modeled ILO estimate)",SL.UEM.TOTL.ZS,4.730012816,4.821741537,4.897184211,4.855005174,4.793341973,4.677801423,4.738515081,4.795883027,4.886488691,4.761944356,4.861938967,4.844680392,4.794786042,4.751293566,4.839384551,4.906837692,4.969473103,4.887023551,4.886146554,5.639128799,5.753024166
Low income,LIC,"Unemployment, total (% of total labor force) (modeled ILO estimate)",SL.UEM.TOTL.ZS,5.044251903,5.006009367,4.94435362,4.791996453,4.630029834,4.630126111,4.66466573,4.786666283,4.664810598,4.81401913,4.854009056,4.936619364,4.764394693,4.746436449,4.86329467,4.964607073,5.057504517,4.975544528,4.994943147,5.687316464,5.708732634
Liechtenstein,LIE,"Unemployment, total (% of total labor force) (modeled ILO estimate)",SL.UEM.TOTL.ZS,,,,,,,,,,,,,,,,,,,,,
Sri Lanka,LKA,"Unemployment, total (% of total labor force) (modeled ILO estimate)",SL.UEM.TOTL.ZS,7.9,8.76,8.22,8.38,7.67,6.5,5.97,5.22,5.85,4.784,4.118,3.88,4.186,4.157,4.519,4.242,4.046,4.318,4.67,5.364,4.981
Lower middle income,LMC,"Unemployment, total (% of total labor force) (modeled ILO estimate)",SL.UEM.TOTL.ZS,6.181458723,6.202458274,6.189178879,6.099724443,6.057665335,5.93897841,5.841376406,5.887660735,5.948084666,5.810200432,5.897101362,6.090376291,6.077279503,6.003316028,6.148225858,6.033098658,6.121685665,6.114093971,5.620396688,6.663809262,6.012201202
Low & middle income,LMY,"Unemployment, total (% of total labor force) (modeled ILO estimate)",SL.UEM.TOTL.ZS,5.979718663,6.167076432,6.218905081,6.087871228,6.055299065,5.87510161,5.791583712,5.803071274,5.990540997,5.78219224,5.722855359,5.752552534,5.708418108,5.686112943,5.86808072,5.949803459,5.996787021,5.947582184,5.813816163,6.651590032,6.19361989
Lesotho,LSO,"Unemployment, total (% of total labor force) (modeled ILO estimate)",SL.UEM.TOTL.ZS,16.141,16.137,16.113,16.206,16.086,16.107,15.997,15.907,16.16,16.113,16.157,15.813,15.97,16.104,16.254,16.17,16.401,16.625,16.876,18.399,18.23
Late-demographic dividend,LTE,"Unemployment, total (% of total labor force) (modeled ILO estimate)",SL.UEM.TOTL.ZS,5.468612676,5.653735603,5.890218187,5.695869044,5.620155748,5.368818662,5.104766323,5.136655022,5.566326746,5.23949762,5.106795425,5.018318194,4.999059436,4.927700792,5.100205188,5.269339845,5.260183966,5.039624856,5.185075164,5.918407759,5.495105444
Lithuania,LTU,"Unemployment, total (% of total labor force) (modeled ILO estimate)",SL.UEM.TOTL.ZS,16.84,13.008,12.874,10.684,8.325,5.78,4.25,5.826,13.785,17.814,15.39,13.365,11.77,10.698,9.12,7.862,7.073,6.147,6.255,8.487,7.112
Luxembourg,LUX,"Unemployment, total (% of total labor force) (modeled ILO estimate)",SL.UEM.TOTL.ZS,1.805,2.621,3.675,5.113,4.488,4.731,4.065,5.06,5.194,4.423,5.122,5.03,6.045,6.044,6.796,6.669,5.523,5.589,5.592,6.766,5.571
Latvia,LVA,"Unemployment, total (% of total labor force) (modeled ILO estimate)",SL.UEM.TOTL.ZS,13.821,13.829,12.061,11.708,10.033,7.03,6.052,7.739,17.515,19.482,16.206,15.047,11.867,10.846,9.873,9.643,8.715,7.412,6.312,8.098,7.513
"Macao SAR, China",MAC,"Unemployment, total (% of total labor force) (modeled ILO estimate)",SL.UEM.TOTL.ZS,6.393,6.267,5.995,4.904,4.158,3.822,3.269,2.999,3.58,2.84,2.56,1.97,1.82,1.67,1.81,1.939,1.987,1.834,1.749,2.566,2.229
St. Martin (French part),MAF,"Unemployment, total (% of total labor force) (modeled ILO estimate)",SL.UEM.TOTL.ZS,,,,,,,,,,,,,,,,,,,,,
Morocco,MAR,"Unemployment, total (% of total labor force) (modeled ILO estimate)",SL.UEM.TOTL.ZS,12.46,11.59,11.92,10.83,11.01,9.67,9.56,9.57,8.96,9.09,8.91,8.99,9.23,9.7,9.46,9.3,9.223,9.271,9.194,11.223,10.576
Monaco,MCO,"Unemployment, total (% of total labor force) (modeled ILO estimate)",SL.UEM.TOTL.ZS,,,,,,,,,,,,,,,,,,,,,
Moldova,MDA,"Unemployment, total (% of total labor force) (modeled ILO estimate)",SL.UEM.TOTL.ZS,7.366,6.845,6.378,6.374,5.633,4.2,2.723,2.073,2.987,2.937,2.648,2.151,1.873,1.425,1.742,1.557,1.586,1.196,1.466,1.186,0.785
Madagascar,MDG,"Unemployment, total (% of total labor force) (modeled ILO estimate)",SL.UEM.TOTL.ZS,5.35,5.502,5.01,3.946,2.62,2.946,3.205,3.438,3.887,4.28,2.512,0.599,0.996,1.386,1.785,1.947,2.119,2.297,2.469,3.284,3.487
Maldives,MDV,"Unemployment, total (% of total labor force) (modeled ILO estimate)",SL.UEM.TOTL.ZS,3.083,4.148,5.134,6.1,7.328,8.392,9.447,10.242,11.697,10.881,10.06,9.14,8.3,7.477,6.604,5.771,5.401,4.95,4.562,5.434,5.024
Middle East & North Africa,MEA,"Unemployment, total (% of total labor force) (modeled ILO estimate)",SL.UEM.TOTL.ZS,12.11729937,12.2487855,11.95373747,10.8013378,10.92505452,10.2358226,9.722819952,9.399337835,9.572879213,9.771818764,10.29692422,10.62806671,10.32673244,10.3941019,10.6419856,10.69700694,10.87828666,10.503693,9.866753501,10.61699961,10.2348915
Mexico,MEX,"Unemployment, total (% of total labor force) (modeled ILO estimate)",SL.UEM.TOTL.ZS,2.627,3.003,3.455,3.937,3.558,3.566,3.628,3.874,5.356,5.303,5.175,4.892,4.921,4.819,4.311,3.853,3.419,3.275,3.477,4.44,4.019
Marshall Islands,MHL,"Unemployment, total (% of total labor force) (modeled ILO estimate)",SL.UEM.TOTL.ZS,,,,,,,,,,,,,,,,,,,,,
Middle income,MIC,"Unemployment, total (% of total labor force) (modeled ILO estimate)",SL.UEM.TOTL.ZS,6.050492593,6.255840148,6.317304099,6.188850492,6.167497258,5.97439394,5.882612672,5.886452461,6.100916386,5.86419605,5.79802071,5.824126081,5.792405399,5.769877189,5.957859488,6.038673532,6.082416743,6.037673802,5.890922001,6.744591247,6.240573663
North Macedonia,MKD,"Unemployment, total (% of total labor force) (modeled ILO estimate)",SL.UEM.TOTL.ZS,30.52,31.94,36.69,37.161,37.32,36.392,35.231,33.93,32.351,33.135,31.502,31.096,29.017,28.215,26.395,24.312,22.857,21.208,17.414,16.575,15.801
Mali,MLI,"Unemployment, total (% of total labor force) (modeled ILO estimate)",SL.UEM.TOTL.ZS,1.338,1.364,1.281,1.412,1.379,1.425,1.405,1.424,1.423,1.405,1.422,1.482,1.516,1.474,1.401,1.367,1.494,1.62,3.29,3.528,3.966
Malta,MLT,"Unemployment, total (% of total labor force) (modeled ILO estimate)",SL.UEM.TOTL.ZS,7.107,6.902,7.488,7.317,6.923,6.798,6.472,5.977,6.889,6.847,6.378,6.197,6.106,5.725,5.389,4.687,4.002,3.658,3.616,4.347,3.394
Myanmar,MMR,"Unemployment, total (% of total labor force) (modeled ILO estimate)",SL.UEM.TOTL.ZS,0.694,0.69,0.691,0.682,0.676,0.68,0.687,0.703,0.715,0.727,0.75,0.767,0.775,0.763,0.766,1.058,1.356,0.767,0.407,1.476,4.34
Middle East & North Africa (excluding high income),MNA,"Unemployment, total (% of total labor force) (modeled ILO estimate)",SL.UEM.TOTL.ZS,13.14645397,13.25584681,12.88936662,11.56496762,11.77146049,11.02511204,10.56526912,10.36341274,10.52320883,10.79445767,11.52093355,12.04622986,11.79144291,11.92093589,12.40173083,12.5560173,12.75331169,12.29012922,11.52505463,12.10312273,11.75845495
Montenegro,MNE,"Unemployment, total (% of total labor force) (modeled ILO estimate)",SL.UEM.TOTL.ZS,30.741,30.423,30.458,30.37,30.31,24.79,19.4,17.15,19.09,19.649,19.759,19.808,19.585,18.054,17.555,17.732,16.082,15.19,15.128,17.878,16.543
Mongolia,MNG,"Unemployment, total (% of total labor force) (modeled ILO estimate)",SL.UEM.TOTL.ZS,6.111,6.2,6.768,6.854,7.017,7.193,7.2,5.565,5.86,6.549,4.769,3.905,4.231,4.798,4.861,7.235,6.359,5.377,9.269,6.594,7.747
Northern Mariana Islands,MNP,"Unemployment, total (% of total labor force) (modeled ILO estimate)",SL.UEM.TOTL.ZS,,,,,,,,,,,,,,,,,,,,,
Mozambique,MOZ,"Unemployment, total (% of total labor force) (modeled ILO estimate)",SL.UEM.TOTL.ZS,2.839,2.903,2.859,2.955,3.037,3.039,3.084,3.114,3.208,3.261,3.296,3.305,3.346,3.377,3.426,3.457,3.539,3.604,3.646,3.921,4.053
Mauritania,MRT,"Unemployment, total (% of total labor force) (modeled ILO estimate)",SL.UEM.TOTL.ZS,10.125,10.185,9.921,9.791,9.626,9.37,9.524,9.735,10.186,10.075,9.968,9.864,9.929,10.028,10.108,10.283,10.336,10.407,10.416,11.054,11.144
Mauritius,MUS,"Unemployment, total (% of total labor force) (modeled ILO estimate)",SL.UEM.TOTL.ZS,9.14,8.205,8.311,8.337,9.524,9.04,8.475,7.17,7.257,7.654,7.447,7.472,7.322,7.467,7.41,6.814,6.752,6.426,6.331,8.626,7.719
Malawi,MWI,"Unemployment, total (% of total labor force) (modeled ILO estimate)",SL.UEM.TOTL.ZS,5.209,5.233,5.157,4.971,4.944,4.96,4.888,4.814,4.754,4.798,4.842,4.952,4.978,4.967,4.954,5.007,5.039,5.014,4.966,5.728,5.662
Malaysia,MYS,"Unemployment, total (% of total labor force) (modeled ILO estimate)",SL.UEM.TOTL.ZS,3.53,3.48,3.61,3.54,3.53,3.32,3.23,3.32,3.66,3.39,3.05,3.1,3.16,2.88,3.1,3.44,3.41,3.3,3.26,4.54,4.64
North America,NAC,"Unemployment, total (% of total labor force) (modeled ILO estimate)",SL.UEM.TOTL.ZS,4.979619642,5.974864124,6.153261515,5.701248195,5.257508596,4.816143951,4.782431658,5.836528463,9.169948521,9.477563527,8.807744508,7.995793675,7.349716083,6.26105883,5.461180947,5.104236035,4.580632872,4.108187838,3.891705534,8.230623858,5.59214283
Namibia,NAM,"Unemployment, total (% of total labor force) (modeled ILO estimate)",SL.UEM.TOTL.ZS,20.98,21.5,22.052,22.09,22.107,21.876,22.119,22.017,22.254,22.12,19.476,16.771,19.028,18.521,20.808,23.352,21.733,19.877,19.921,21.004,20.922
New Caledonia,NCL,"Unemployment, total (% of total labor force) (modeled ILO estimate)",SL.UEM.TOTL.ZS,17.441,17.074,16.716,16.31,15.769,15.236,14.757,14.367,13.97,13.95,13.935,14.051,14.347,14.59,13.637,12.714,11.676,11.702,10.88,13.558,11.54
Niger,NER,"Unemployment, total (% of total labor force) (modeled ILO estimate)",SL.UEM.TOTL.ZS,1.47,1.813,2.156,2.747,3.1,2.536,2.032,1.592,1.209,0.722,0.316,2.177,1.397,0.524,0.553,0.548,0.554,0.535,0.531,0.594,0.78
Nigeria,NGA,"Unemployment, total (% of total labor force) (modeled ILO estimate)",SL.UEM.TOTL.ZS,3.91,3.681,3.648,3.601,3.734,3.756,3.799,3.795,3.766,3.746,3.77,3.76,3.711,3.902,4.135,4.499,4.828,5.067,5.206,5.742,5.45
Nicaragua,NIC,"Unemployment, total (% of total labor force) (modeled ILO estimate)",SL.UEM.TOTL.ZS,7.203,7.513,7.6,6.41,5.37,5.31,4.89,6.2,8.16,7.83,6.618,5.208,5.28,4.52,4.7,3.9,3.3,5.2,5.472,6.201,6.118
Netherlands,NLD,"Unemployment, total (% of total labor force) (modeled ILO estimate)",SL.UEM.TOTL.ZS,2.119,2.554,3.593,4.646,5.872,5.007,4.153,3.658,4.352,4.991,4.977,5.821,7.241,7.419,6.872,6.007,4.837,3.832,3.379,3.82,4.209
Norway,NOR,"Unemployment, total (% of total labor force) (modeled ILO estimate)",SL.UEM.TOTL.ZS,3.738,4.022,4.221,4.256,4.381,3.397,2.493,2.521,3.1,3.527,3.196,3.129,3.425,3.486,4.296,4.68,4.164,3.801,3.684,4.424,4.359
Nepal,NPL,"Unemployment, total (% of total labor force) (modeled ILO estimate)",SL.UEM.TOTL.ZS,10.504,10.632,10.702,10.71,10.617,10.639,10.683,10.613,10.587,10.554,10.64,10.643,10.687,10.617,10.644,10.742,10.66,10.559,10.389,12.975,12.186
Nauru,NRU,"Unemployment, total (% of total labor force) (modeled ILO estimate)",SL.UEM.TOTL.ZS,,,,,,,,,,,,,,,,,,,,,
New Zealand,NZL,"Unemployment, total (% of total labor force) (modeled ILO estimate)",SL.UEM.TOTL.ZS,5.433,5.282,4.745,4.005,3.807,3.857,3.661,4.167,6.121,6.557,6.491,6.931,5.839,5.428,5.415,5.147,4.736,4.335,4.109,4.595,3.776
OECD members,OED,"Unemployment, total (% of total labor force) (modeled ILO estimate)",SL.UEM.TOTL.ZS,6.619344429,7.139900291,7.273511607,7.172797092,6.829683646,6.342358356,5.886111919,6.203319072,8.378491306,8.514878213,8.11736157,8.099825972,7.986612058,7.411071684,6.858651106,6.435778344,5.919059329,5.479452044,5.390532098,7.14864258,6.192863722
Oman,OMN,"Unemployment, total (% of total labor force) (modeled ILO estimate)",SL.UEM.TOTL.ZS,4.281,4.328,4.62,4.734,4.626,4.383,4.298,4.142,3.993,3.935,3.958,3.765,3.547,3.449,3.401,3.266,2.522,1.8,2.04,2.94,1.9
Other small states,OSS,"Unemployment, total (% of total labor force) (modeled ILO estimate)",SL.UEM.TOTL.ZS,10.20361638,9.515716495,9.825634659,9.744582997,9.560126899,8.763496485,8.131041616,7.913583173,9.471576691,9.785562369,9.329605748,9.320810929,9.502664655,9.2105329,8.78523373,8.498587328,8.076154435,7.669563071,7.343309908,8.826706698,8.366062348
Pakistan,PAK,"Unemployment, total (% of total labor force) (modeled ILO estimate)",SL.UEM.TOTL.ZS,0.629,0.635,0.63,0.608,0.585,0.582,0.398,0.423,0.535,0.653,0.796,3.667,2.954,1.827,3.566,2.285,3.215,4.083,4.83,6.127,6.338
Panama,PAN,"Unemployment, total (% of total labor force) (modeled ILO estimate)",SL.UEM.TOTL.ZS,6.372,6.362,6.346,6.127,6.002,5.822,5.694,5.647,5.864,5.845,4.03,3.691,3.674,4.391,4.335,4.717,5.338,5.161,6.256,14.663,10.177
Peru,PER,"Unemployment, total (% of total labor force) (modeled ILO estimate)",SL.UEM.TOTL.ZS,5.063,4.84,4.15,4.71,4.87,4.17,4.08,4.03,3.96,3.6,3.477,3.238,3.575,3.208,3.272,3.741,3.691,3.492,3.379,7.179,5.097
Philippines,PHL,"Unemployment, total (% of total labor force) (modeled ILO estimate)",SL.UEM.TOTL.ZS,3.698,3.615,3.527,3.554,3.795,4.052,3.434,3.72,3.858,3.605,3.592,3.504,3.497,3.6,3.068,2.695,2.552,2.338,2.237,2.522,3.398
Palau,PLW,"Unemployment, total (% of total labor force) (modeled ILO estimate)",SL.UEM.TOTL.ZS,,,,,,,,,,,,,,,,,,,,,
Papua New Guinea,PNG,"Unemployment, total (% of total labor force) (modeled ILO estimate)",SL.UEM.TOTL.ZS,2.801,2.755,2.628,2.526,2.387,2.287,2.172,2.169,2.089,2.002,2.62,2.631,2.692,2.536,2.503,2.472,2.569,2.635,2.634,2.883,3.003
Poland,POL,"Unemployment, total (% of total labor force) (modeled ILO estimate)",SL.UEM.TOTL.ZS,18.435,20.211,19.899,18.822,17.592,13.794,9.551,7.069,8.131,9.578,9.576,10.031,10.293,8.971,7.475,6.141,4.867,3.835,3.267,3.155,3.268
Pre-demographic dividend,PRE,"Unemployment, total (% of total labor force) (modeled ILO estimate)",SL.UEM.TOTL.ZS,5.128220778,5.081696127,5.056167188,4.973515905,4.941705984,4.919682709,4.879908543,4.875640794,4.904835241,5.09948599,5.151441028,5.058323624,4.871453749,4.859835388,4.937191701,5.020891066,5.284609319,5.351386027,5.423094637,5.960077686,5.823475559
Puerto Rico,PRI,"Unemployment, total (% of total labor force) (modeled ILO estimate)",SL.UEM.TOTL.ZS,11.4,11.94,11.78,10.31,11.35,11.01,10.93,11.48,15,16.1,15.7,14.5,14.3,13.9,12,11.8,10.8,9.2,8.3,8.89,7.9
"Korea, Dem. People's Rep.",PRK,"Unemployment, total (% of total labor force) (modeled ILO estimate)",SL.UEM.TOTL.ZS,3.07,3.043,3.059,3.016,2.972,2.944,2.936,2.873,2.871,2.81,2.894,2.916,2.928,2.883,2.896,2.931,2.846,2.757,2.782,2.948,3
Portugal,PRT,"Unemployment, total (% of total labor force) (modeled ILO estimate)",SL.UEM.TOTL.ZS,3.829,4.497,6.132,6.319,7.582,7.649,7.965,7.553,9.432,10.771,12.682,15.531,16.188,13.897,12.447,11.068,8.869,6.994,6.464,6.801,6.577
Paraguay,PRY,"Unemployment, total (% of total labor force) (modeled ILO estimate)",SL.UEM.TOTL.ZS,6.206,9.393,6.814,6.513,4.825,5.277,4.713,4.415,5.46,4.569,4.67,4.085,4.385,5.034,4.556,5.255,6.138,6.217,6.595,7.548,7.311
West Bank and Gaza,PSE,"Unemployment, total (% of total labor force) (modeled ILO estimate)",SL.UEM.TOTL.ZS,21.493,27.465,23.004,23.215,20.016,19.014,18.282,22.913,20.452,21.416,17.597,19.202,19.894,20.526,23.005,23.939,25.677,26.256,25.34,25.895,26.39
Pacific island small states,PSS,"Unemployment, total (% of total labor force) (modeled ILO estimate)",SL.UEM.TOTL.ZS,4.527365112,4.620601175,4.517350021,4.347173235,3.844312427,3.815964291,3.760530415,3.662775336,3.605830934,3.50620035,3.445319572,3.549311219,3.429090524,3.40086553,3.382091451,3.370556573,3.367720152,3.275633607,3.213943249,3.179371277,3.183777288
Post-demographic dividend,PST,"Unemployment, total (% of total labor force) (modeled ILO estimate)",SL.UEM.TOTL.ZS,6.382039628,6.775191064,6.861366152,6.671292908,6.405668339,5.990029255,5.568499455,5.899603788,8.06989185,8.344682968,8.058615605,8.114500142,7.994468016,7.465227343,6.887324643,6.413711268,5.852856877,5.299987786,4.942915771,6.726088056,5.803080303
French Polynesia,PYF,"Unemployment, total (% of total labor force) (modeled ILO estimate)",SL.UEM.TOTL.ZS,11.664,11.71,11.753,11.701,11.722,11.769,11.74,11.759,11.97,12.145,12.274,12.143,12.029,11.889,11.789,11.715,11.573,11.572,11.565,12.951,12.531
Qatar,QAT,"Unemployment, total (% of total labor force) (modeled ILO estimate)",SL.UEM.TOTL.ZS,0.87,0.87,0.87,0.87,0.87,0.87,0.52,0.31,0.31,0.45,0.56,0.48,0.28,0.2,0.17,0.15,0.14,0.11,0.1,0.14,0.14
Romania,ROU,"Unemployment, total (% of total labor force) (modeled ILO estimate)",SL.UEM.TOTL.ZS,6.561,8.112,6.95,7.719,7.174,7.27,6.413,5.787,6.859,6.959,7.177,6.794,7.096,6.802,6.812,5.901,4.927,4.187,3.912,5.035,5.59
Russian Federation,RUS,"Unemployment, total (% of total labor force) (modeled ILO estimate)",SL.UEM.TOTL.ZS,8.978,7.875,8.21,7.763,7.124,7.055,6.002,6.205,8.301,7.407,6.571,5.484,5.513,5.212,5.615,5.591,5.238,4.871,4.513,5.62,4.749
Rwanda,RWA,"Unemployment, total (% of total labor force) (modeled ILO estimate)",SL.UEM.TOTL.ZS,11.76,11.499,11.696,11.731,11.854,11.632,11.626,11.57,11.663,11.673,11.775,11.701,11.785,11.844,11.838,11.801,11.875,10.759,11.236,11.829,15.775
South Asia,SAS,"Unemployment, total (% of total labor force) (modeled ILO estimate)",SL.UEM.TOTL.ZS,6.705095951,6.827158942,6.789505433,6.739540821,6.661344224,6.572479852,6.576619599,6.667968007,6.718789431,6.528950703,6.536541004,6.890782185,6.891672535,6.74959645,6.907550405,6.762154225,6.878564898,6.998872465,6.207822465,7.506441453,6.389006384
Saudi Arabia,SAU,"Unemployment, total (% of total labor force) (modeled ILO estimate)",SL.UEM.TOTL.ZS,4.618,5.265,5.563,5.822,6.051,6.254,5.734,5.085,5.377,5.55,5.77,5.622,5.6,5.877,5.6,5.6,5.89,6.029,5.636,7.66,6.621
Sudan,SDN,"Unemployment, total (% of total labor force) (modeled ILO estimate)",SL.UEM.TOTL.ZS,15.568,15.514,15.515,15.539,15.546,15.542,15.531,15.566,13,15.161,17.44,17.002,16.3,15.411,14.347,13.606,12.953,12.303,11.658,11.958,11.044
Senegal,SEN,"Unemployment, total (% of total labor force) (modeled ILO estimate)",SL.UEM.TOTL.ZS,2.7,2.828,2.794,2.788,2.703,2.77,2.808,2.822,2.814,2.803,2.853,3.888,4.986,5.841,6.757,4.455,4.078,3.455,2.863,3.437,3.44
Singapore,SGP,"Unemployment, total (% of total labor force) (modeled ILO estimate)",SL.UEM.TOTL.ZS,3.76,5.65,5.93,5.84,5.59,4.48,3.9,3.96,5.86,4.12,3.89,3.72,3.86,3.74,3.79,4.08,4.2,3.613,3.1,4.1,4.64
Solomon Islands,SLB,"Unemployment, total (% of total labor force) (modeled ILO estimate)",SL.UEM.TOTL.ZS,2.642,2.696,2.29,2.031,1.885,1.92,1.981,1.999,2.02,1.617,1.292,0.984,0.694,0.729,0.735,0.734,0.725,0.72,0.743,0.864,0.884
Sierra Leone,SLE,"Unemployment, total (% of total labor force) (modeled ILO estimate)",SL.UEM.TOTL.ZS,4.154,3.903,3.879,3.42,3.716,3.889,4.007,4.128,4.269,4.413,4.54,4.552,4.538,4.678,4.606,4.294,3.834,3.192,3.203,3.508,3.556
El Salvador,SLV,"Unemployment, total (% of total labor force) (modeled ILO estimate)",SL.UEM.TOTL.ZS,6.96,6.2,6.9,6.8,7.22,6.57,6.41,5.88,7.33,4.893,4.297,3.843,3.693,4.154,3.998,4.418,4.385,4.006,4.17,5.008,4.327
San Marino,SMR,"Unemployment, total (% of total labor force) (modeled ILO estimate)",SL.UEM.TOTL.ZS,,,,,,,,,,,,,,,,,,,,,
Somalia,SOM,"Unemployment, total (% of total labor force) (modeled ILO estimate)",SL.UEM.TOTL.ZS,19.076,19.077,19.081,18.992,18.997,19.002,18.981,18.996,19.013,19.031,19.052,19.105,19.013,18.861,18.597,18.578,18.523,18.738,18.828,19.413,19.662
Serbia,SRB,"Unemployment, total (% of total labor force) (modeled ILO estimate)",SL.UEM.TOTL.ZS,12.8,13.8,15.2,18.5,20.85,20.85,18.06,13.67,16.116,19.204,22.959,24,22.154,19.223,17.66,15.257,13.477,12.733,10.395,9.011,9.843
Sub-Saharan Africa (excluding high income),SSA,"Unemployment, total (% of total labor force) (modeled ILO estimate)",SL.UEM.TOTL.ZS,6.341432974,6.237321274,6.168585018,6.022865216,5.923487566,5.836134353,5.793449213,5.786964469,5.84624036,5.983914624,5.997944998,5.862686162,5.639091632,5.684788144,5.8550252,5.941673769,6.077506409,6.106327975,6.267921211,6.803309526,6.987663396
South Sudan,SSD,"Unemployment, total (% of total labor force) (modeled ILO estimate)",SL.UEM.TOTL.ZS,12.286,12.234,12.232,12.256,12.266,12.267,12.262,12.298,12.463,12.503,12.635,12.896,12.727,12.602,12.485,12.955,13.111,12.952,12.709,14.319,14.029
Sub-Saharan Africa,SSF,"Unemployment, total (% of total labor force) (modeled ILO estimate)",SL.UEM.TOTL.ZS,6.341432974,6.237321274,6.168585018,6.022865216,5.923487566,5.836134353,5.793449213,5.786964469,5.84624036,5.983914624,5.997944998,5.862686162,5.639091632,5.684788144,5.8550252,5.941673769,6.077506409,6.106327975,6.267921211,6.803309526,6.987663396
Small states,SST,"Unemployment, total (% of total labor force) (modeled ILO estimate)",SL.UEM.TOTL.ZS,9.688851015,9.296159956,9.560919489,9.38038073,9.146166787,8.401128793,7.880251726,7.715205697,9.098822694,9.32842003,9.031662935,9.060646953,9.244631374,8.985368272,8.573288514,8.357434714,7.958391646,7.683291548,7.367787987,8.769215791,8.326651271
Sao Tome and Principe,STP,"Unemployment, total (% of total labor force) (modeled ILO estimate)",SL.UEM.TOTL.ZS,15.73,17.63,16.36,16.12,16.47,16.65,16.024,15.426,15.134,14.626,14.224,13.59,12.48,11.435,10.594,9.686,8.808,8.714,8.831,9.686,9.6
Suriname,SUR,"Unemployment, total (% of total labor force) (modeled ILO estimate)",SL.UEM.TOTL.ZS,12.148,11.243,10.359,9.49,9.263,9.096,9.004,8.831,8.72,7.15,7.54,8.1,6.6,6.94,7.22,7.917,7.888,7.693,7.556,8.76,8.491
Slovak Republic,SVK,"Unemployment, total (% of total labor force) (modeled ILO estimate)",SL.UEM.TOTL.ZS,19.148,18.541,17.549,18.206,16.276,13.395,11.16,9.514,12.023,14.387,13.634,13.966,14.226,11.536,11.492,9.679,8.142,6.544,5.761,6.719,6.894
Slovenia,SVN,"Unemployment, total (% of total labor force) (modeled ILO estimate)",SL.UEM.TOTL.ZS,5.682,5.922,6.479,6.012,6.506,5.95,4.818,4.371,5.858,7.236,8.166,8.841,10.103,9.668,8.962,8,6.564,5.108,4.446,4.971,4.744
Sweden,SWE,"Unemployment, total (% of total labor force) (modeled ILO estimate)",SL.UEM.TOTL.ZS,4.73,4.965,5.555,6.693,7.81,7.066,6.161,6.235,8.351,8.61,7.804,7.976,8.052,7.954,7.432,6.99,6.718,6.365,6.833,8.291,8.722
Eswatini,SWZ,"Unemployment, total (% of total labor force) (modeled ILO estimate)",SL.UEM.TOTL.ZS,25.178,25.716,26.216,26.69,27.204,27.69,28.24,27.835,27.383,26.736,25.987,25.128,24.448,23.828,23.285,22.718,24.523,26.369,28.138,32.944,34.153
Sint Maarten (Dutch part),SXM,"Unemployment, total (% of total labor force) (modeled ILO estimate)",SL.UEM.TOTL.ZS,,,,,,,,,,,,,,,,,,,,,
Seychelles,SYC,"Unemployment, total (% of total labor force) (modeled ILO estimate)",SL.UEM.TOTL.ZS,,,,,,,,,,,,,,,,,,,,,
Syrian Arab Republic,SYR,"Unemployment, total (% of total labor force) (modeled ILO estimate)",SL.UEM.TOTL.ZS,11.63,10.94,10.28,9.513,8.809,8.17,8.42,10.94,8.14,8.61,8.627,13.8,14.5,14.783,14.243,13.795,13.597,13.497,13.36,15.191,14.877
Turks and Caicos Islands,TCA,"Unemployment, total (% of total labor force) (modeled ILO estimate)",SL.UEM.TOTL.ZS,,,,,,,,,,,,,,,,,,,,,
Chad,TCD,"Unemployment, total (% of total labor force) (modeled ILO estimate)",SL.UEM.TOTL.ZS,0.787,0.769,0.732,0.685,0.678,0.724,0.834,0.906,0.906,0.878,0.905,0.9,0.948,0.933,0.974,1.047,1.116,1.135,1.084,1.707,1.548
East Asia & Pacific (IDA & IBRD countries),TEA,"Unemployment, total (% of total labor force) (modeled ILO estimate)",SL.UEM.TOTL.ZS,3.857171661,4.175665457,4.426260489,4.42148008,4.502312598,4.394751806,4.3748966,4.457840191,4.439307111,4.175624918,4.123948056,4.061507359,4.06337163,4.059461162,4.134988005,4.050945294,3.928165117,3.81853389,3.910558146,4.38272644,4.139769791
Europe & Central Asia (IDA & IBRD countries),TEC,"Unemployment, total (% of total labor force) (modeled ILO estimate)",SL.UEM.TOTL.ZS,10.74728387,10.53338667,10.29463808,9.949233562,9.292083625,8.668148073,7.567634495,7.370992656,9.104560346,8.687683835,8.121347873,7.657791823,7.715866703,7.659355648,7.642103482,7.475268271,7.125531595,6.686021199,6.740579822,7.237416044,6.831966851
Togo,TGO,"Unemployment, total (% of total labor force) (modeled ILO estimate)",SL.UEM.TOTL.ZS,4.124,4.104,3.984,4.015,4.157,4.229,3.817,3.283,2.849,2.383,1.982,2.03,2.085,2.142,2.204,2.968,3.744,2.898,2.036,2.225,2.333
Thailand,THA,"Unemployment, total (% of total labor force) (modeled ILO estimate)",SL.UEM.TOTL.ZS,2.6,1.82,1.54,1.51,1.35,1.22,1.18,1.18,1.49,0.622,0.66,0.58,0.249,0.576,0.597,0.688,0.83,0.765,0.716,1.099,1.215
Tajikistan,TJK,"Unemployment, total (% of total labor force) (modeled ILO estimate)",SL.UEM.TOTL.ZS,3.75,3.95,3.85,3.616,3.375,3.13,2.874,7.134,11.5,11.542,11.557,11.444,11.417,11.439,11.485,11.5,11.487,11.437,11.419,12.321,12.333
Turkmenistan,TKM,"Unemployment, total (% of total labor force) (modeled ILO estimate)",SL.UEM.TOTL.ZS,10.851,10.153,9.311,8.44,7.485,6.58,5.694,4.835,4,4,4.002,3.986,3.983,4,4.016,4.031,4.044,4.044,4.043,4.501,4.459
Latin America & the Caribbean (IDA & IBRD countries),TLA,"Unemployment, total (% of total labor force) (modeled ILO estimate)",SL.UEM.TOTL.ZS,9.16163877,9.520402624,9.39491061,8.881379293,8.344276921,7.708406483,7.311822677,6.915072996,7.893076731,7.252825694,6.728068865,6.427542235,6.383973006,6.199613326,6.719034468,7.811365755,8.127556965,8.033247205,8.104243491,10.35224945,9.27350464
Timor-Leste,TLS,"Unemployment, total (% of total labor force) (modeled ILO estimate)",SL.UEM.TOTL.ZS,3.363,3.453,3.503,3.656,3.563,3.581,3.489,3.413,3.291,3.301,3.384,3.468,3.564,3.618,3.678,4.657,4.248,3.778,3.097,2.782,2.344
Middle East & North Africa (IDA & IBRD countries),TMN,"Unemployment, total (% of total labor force) (modeled ILO estimate)",SL.UEM.TOTL.ZS,13.08890775,13.15812969,12.81414328,11.47960368,11.71038476,10.96540171,10.5049504,10.26355486,10.44300245,10.70668154,11.46754446,11.98178643,11.71694917,11.83996854,12.29539099,12.44170797,12.62113992,12.14672116,11.37824388,11.96108607,11.59841813
Tonga,TON,"Unemployment, total (% of total labor force) (modeled ILO estimate)",SL.UEM.TOTL.ZS,4.48,4.838,5.18,3.942,2.571,1.09,1.181,1.252,1.407,1.513,1.602,1.643,1.754,1.92,2.024,2.046,2.131,2.248,2.157,2.699,2.111
South Asia (IDA & IBRD),TSA,"Unemployment, total (% of total labor force) (modeled ILO estimate)",SL.UEM.TOTL.ZS,6.705095951,6.827158942,6.789505433,6.739540821,6.661344224,6.572479852,6.576619599,6.667968007,6.718789431,6.528950703,6.536541004,6.890782185,6.891672535,6.74959645,6.907550405,6.762154225,6.878564898,6.998872465,6.207822465,7.506441453,6.389006384
Sub-Saharan Africa (IDA & IBRD countries),TSS,"Unemployment, total (% of total labor force) (modeled ILO estimate)",SL.UEM.TOTL.ZS,6.341432974,6.237321274,6.168585018,6.022865216,5.923487566,5.836134353,5.793449213,5.786964469,5.84624036,5.983914624,5.997944998,5.862686162,5.639091632,5.684788144,5.8550252,5.941673769,6.077506409,6.106327975,6.267921211,6.803309526,6.987663396
Trinidad and Tobago,TTO,"Unemployment, total (% of total labor force) (modeled ILO estimate)",SL.UEM.TOTL.ZS,10.88,10.39,10.48,8.33,7.95,6.27,5.54,4.63,5.28,4.033,3.425,3.718,2.683,2.477,2.428,3.207,3.394,3.498,3.523,4.206,4.446
Tunisia,TUN,"Unemployment, total (% of total labor force) (modeled ILO estimate)",SL.UEM.TOTL.ZS,14.4,14.55,14.51,14.23,12.872,12.51,12.365,12.444,13.29,13.049,18.334,17.63,15.934,14.259,15.159,15.557,15.33,15.459,17.153,17.656,16.611
Turkiye,TUR,"Unemployment, total (% of total labor force) (modeled ILO estimate)",SL.UEM.TOTL.ZS,8.381,10.358,10.542,10.838,10.636,10.227,10.285,10.965,14.026,11.879,9.789,9.21,9.713,9.901,10.304,10.899,10.919,10.956,13.73,13.148,11.969
Tuvalu,TUV,"Unemployment, total (% of total labor force) (modeled ILO estimate)",SL.UEM.TOTL.ZS,,,,,,,,,,,,,,,,,,,,,
Tanzania,TZA,"Unemployment, total (% of total labor force) (modeled ILO estimate)",SL.UEM.TOTL.ZS,2.994,3.024,3.055,3.108,3.194,3.299,3.023,2.774,2.5,3.029,3.47,3.222,2.93,2.125,2.159,2.23,2.303,2.393,2.496,2.781,2.821
Uganda,UGA,"Unemployment, total (% of total labor force) (modeled ILO estimate)",SL.UEM.TOTL.ZS,3.52,3.5,3.6,2.705,1.9,2.272,2.677,3.052,3.6,3.619,3.528,3.551,1.91,2.348,2.679,3.008,3.428,3.25,3.06,3.831,3.422
Ukraine,UKR,"Unemployment, total (% of total labor force) (modeled ILO estimate)",SL.UEM.TOTL.ZS,11.061,10.136,9.057,8.59,7.18,6.81,6.351,6.363,8.84,8.1,7.851,7.529,7.17,9.27,9.14,9.35,9.5,8.799,8.194,9.475,9.834
Upper middle income,UMC,"Unemployment, total (% of total labor force) (modeled ILO estimate)",SL.UEM.TOTL.ZS,5.959008917,6.293386281,6.408113036,6.252521595,6.24660024,5.999977062,5.912514075,5.88557105,6.213136871,5.904265292,5.72410326,5.624325158,5.575342142,5.589796007,5.809438855,6.043071379,6.051119336,5.976118349,6.111068923,6.812169641,6.4331502
Uruguay,URY,"Unemployment, total (% of total labor force) (modeled ILO estimate)",SL.UEM.TOTL.ZS,15.052,16.648,16.661,12.98,12.009,10.844,9.403,8.025,7.74,7.158,6.307,6.451,6.444,6.547,7.488,7.841,7.89,8.336,8.836,10.413,9.328
United States,USA,"Unemployment, total (% of total labor force) (modeled ILO estimate)",SL.UEM.TOTL.ZS,4.731,5.783,5.989,5.529,5.084,4.623,4.622,5.784,9.254,9.633,8.949,8.069,7.375,6.168,5.28,4.869,4.355,3.896,3.669,8.055,5.349
Uzbekistan,UZB,"Unemployment, total (% of total labor force) (modeled ILO estimate)",SL.UEM.TOTL.ZS,11.3,10.283,9.248,8.162,7.092,6.03,4.99,4.89,5.04,5.36,4.96,4.87,4.86,5.09,5.15,5.16,5.83,5.389,4.932,5.293,5.364
St. Vincent and the Grenadines,VCT,"Unemployment, total (% of total labor force) (modeled ILO estimate)",SL.UEM.TOTL.ZS,21.1,20.617,19.967,19.523,19.449,19.15,18.927,18.79,19.386,19.966,20.049,19.867,19.367,19.249,19.141,19.028,19.006,18.984,19.235,20.636,20.341
"Venezuela, RB",VEN,"Unemployment, total (% of total labor force) (modeled ILO estimate)",SL.UEM.TOTL.ZS,13.04,16.17,16.78,15.07,10.663,8.606,7.279,6.245,6.097,7.112,6.902,6.601,7.54,6.821,6.137,5.319,5.045,5.46,5.876,7.53,7.037
British Virgin Islands,VGB,"Unemployment, total (% of total labor force) (modeled ILO estimate)",SL.UEM.TOTL.ZS,,,,,,,,,,,,,,,,,,,,,
Virgin Islands (U.S.),VIR,"Unemployment, total (% of total labor force) (modeled ILO estimate)",SL.UEM.TOTL.ZS,10.678,10.933,11.254,10.927,10.878,10.36,10.137,10.22,11.527,11.742,12.041,12.109,12.55,12.64,12.422,12.515,12.217,12.407,12.551,15.191,14.273
Viet Nam,VNM,"Unemployment, total (% of total labor force) (modeled ILO estimate)",SL.UEM.TOTL.ZS,2.76,2.12,2.25,2.14,2.078,2.046,2.026,1.889,1.737,1.114,0.999,1.027,1.316,1.256,1.848,1.848,1.874,1.161,1.681,2.103,2.385
Vanuatu,VUT,"Unemployment, total (% of total labor force) (modeled ILO estimate)",SL.UEM.TOTL.ZS,8.434,8.621,8.682,8.447,8.126,8.006,6.854,5.661,4.565,4.685,4.821,4.951,5.058,5.15,5.254,5.261,5.287,5.326,5.444,4.046,4.766
World,WLD,"Unemployment, total (% of total labor force) (modeled ILO estimate)",SL.UEM.TOTL.ZS,6.202246426,6.428244132,6.495495403,6.337595408,6.227128117,5.976250262,5.777537576,5.832309711,6.419614941,6.28633469,6.156885835,6.159641648,6.107219446,5.965959564,6.006559269,5.978273843,5.907231413,5.768983083,5.598930795,6.608805017,6.064445979
Samoa,WSM,"Unemployment, total (% of total labor force) (modeled ILO estimate)",SL.UEM.TOTL.ZS,4.96,4.975,5.037,5.162,5.212,5.321,5.426,5.539,5.647,5.621,5.68,8.752,8.773,8.72,8.9,9.062,9.4,8.639,7.838,7.435,6.612
Kosovo,XKX,"Unemployment, total (% of total labor force) (modeled ILO estimate)",SL.UEM.TOTL.ZS,,,,,,,,,,,,,,,,,,,,,
"Yemen, Rep.",YEM,"Unemployment, total (% of total labor force) (modeled ILO estimate)",SL.UEM.TOTL.ZS,11.724,11.84,12.015,12.132,12.215,12.35,12.488,12.657,12.763,12.779,13.311,13.473,13.673,13.467,17.9,18.416,18.603,17.584,17.202,17.953,18.287
South Africa,ZAF,"Unemployment, total (% of total labor force) (modeled ILO estimate)",SL.UEM.TOTL.ZS,22.605,22.547,22.629,22.538,22.461,22.324,22.287,22.407,23.523,24.683,24.639,24.727,24.561,24.89,25.149,26.536,27.035,26.906,28.468,29.217,34.007
Zambia,ZMB,"Unemployment, total (% of total labor force) (modeled ILO estimate)",SL.UEM.TOTL.ZS,13.415,14.131,14.705,15.33,15.9,13.229,10.561,7.93,10.582,13.19,10.545,7.85,7.264,6.571,5.942,5.239,4.529,5.033,5.542,6.033,5.199
Zimbabwe,ZWE,"Unemployment, total (% of total labor force) (modeled ILO estimate)",SL.UEM.TOTL.ZS,5.318,5.007,4.735,4.39,4.622,4.759,4.991,5.357,5.453,5.447,5.368,5.061,4.943,4.774,5.377,5.886,6.344,6.793,7.373,8.621,9.54
